{
  "all_accept_lengths": [
    1,
    2,
    5,
    12,
    3,
    2,
    3,
    7,
    3,
    2,
    7,
    7,
    1,
    1,
    3,
    1,
    4,
    8,
    2,
    4,
    3,
    5,
    1,
    2,
    3,
    1,
    1,
    4,
    2,
    7,
    2,
    12,
    16,
    7,
    1,
    2,
    7,
    9,
    15,
    2,
    3,
    8,
    3,
    1,
    9,
    6,
    2,
    4,
    4,
    2,
    3,
    3,
    3,
    1,
    4,
    7,
    4,
    4,
    9,
    4,
    2,
    1,
    1,
    6,
    4,
    2,
    1,
    8,
    7,
    2,
    5,
    4,
    1,
    4,
    16,
    10,
    16,
    15,
    3,
    3,
    1,
    2,
    3,
    1,
    6,
    2,
    2,
    8,
    5,
    1,
    2,
    7,
    3,
    3,
    7,
    10,
    16,
    8,
    3,
    2,
    2,
    1,
    4,
    3,
    2,
    1,
    7,
    9,
    6,
    4,
    2,
    3,
    5,
    4,
    2,
    2,
    2,
    8,
    3,
    3,
    3,
    1,
    3,
    5,
    3,
    3,
    4,
    2,
    7,
    6,
    3,
    5,
    3,
    8,
    2,
    3,
    1,
    1,
    4,
    4,
    7,
    1,
    3,
    2,
    2,
    4,
    8,
    2,
    2,
    2,
    1,
    2,
    1,
    5,
    4,
    5,
    4,
    4,
    3,
    2,
    2,
    10,
    2,
    4,
    2,
    2,
    2,
    3,
    4,
    2,
    2,
    1,
    2,
    3,
    4,
    6,
    6,
    3,
    7,
    2,
    1,
    1,
    3,
    1,
    2,
    7,
    1,
    1,
    1,
    7,
    5,
    3,
    1,
    3,
    3,
    8,
    3,
    1,
    1,
    3,
    3,
    5,
    4,
    11,
    5,
    2,
    7,
    7,
    16,
    10,
    4,
    1,
    2,
    5,
    6,
    2,
    2,
    3,
    3,
    6,
    4,
    3,
    9,
    1,
    2,
    6,
    13,
    7,
    8,
    6,
    15,
    3,
    1,
    1,
    2,
    5,
    1,
    5,
    3,
    1,
    4,
    6,
    2,
    1,
    1,
    2,
    3,
    4,
    1,
    2,
    3,
    4,
    2,
    3,
    7,
    2,
    5,
    8,
    7,
    16,
    10,
    1,
    5,
    7,
    5,
    2,
    3,
    3,
    2,
    10,
    4,
    5,
    10,
    7,
    3,
    2,
    3,
    1,
    1,
    13,
    2,
    4,
    5,
    10,
    3,
    4,
    2,
    2,
    4,
    1,
    8,
    2,
    6,
    1,
    5,
    2,
    11,
    13,
    5,
    4,
    1,
    3,
    6,
    4,
    12
  ],
  "mean_accept_length": 4.262295081967213,
  "response_lengths": [
    262,
    511,
    512
  ],
  "mean_response_length": 428.3333333333333,
  "total_response_length": 1285,
  "mean_per_turn_accept_length": 4.3048940734781445,
  "mean_throughput": 49.63326525600763,
  "overall_throughput": 49.90016347562604,
  "target_total_time": 11.088200703263283,
  "draft_total_time": 14.663217939436436,
  "total_time": 25.75141864269972,
  "total_steps": 305,
  "mean_second_plus_kt": 0.0,
  "mean_kt_round2_only": 0.0,
  "mean_trunc_commit_le_accept_rate": 0.019031018146062395,
  "mean_inner_iters_reported": 0.9171270224367568,
  "num_blocks_with_round2_plus": 0,
  "objective_composite": 10.739753428402103
}