{
  "all_accept_lengths": [
    1,
    2,
    5,
    12,
    3,
    2,
    3,
    7,
    3,
    2,
    7,
    7,
    1,
    1,
    3,
    1,
    4,
    8,
    2,
    4,
    3,
    5,
    1,
    2,
    3,
    1,
    1,
    4,
    2,
    7,
    2,
    12,
    16,
    1,
    2,
    1,
    2,
    7,
    6,
    3,
    2,
    1,
    1,
    9,
    1,
    3,
    16,
    4,
    16,
    8,
    1,
    1,
    6,
    10,
    1,
    2,
    3,
    6,
    3,
    1,
    2,
    4,
    16,
    2,
    1,
    2,
    2,
    2,
    6,
    1,
    1,
    1,
    6,
    2,
    3,
    1,
    1,
    3,
    1,
    12,
    2,
    2,
    10,
    13,
    14,
    5,
    6,
    3,
    3,
    3,
    1,
    1,
    1,
    1,
    3,
    1,
    1,
    2,
    4,
    16
  ],
  "mean_accept_length": 4.15,
  "response_lengths": [
    128,
    128,
    127
  ],
  "mean_response_length": 127.66666666666667,
  "total_response_length": 383,
  "mean_per_turn_accept_length": 4.180535080535081,
  "mean_throughput": 45.31880382943285,
  "overall_throughput": 44.53842507130093,
  "target_total_time": 3.934173859655857,
  "draft_total_time": 4.665142334997654,
  "total_time": 8.599316194653511,
  "total_steps": 100,
  "mean_second_plus_kt": 0.0,
  "mean_kt_round2_only": 0.0,
  "mean_trunc_commit_le_accept_rate": 0.052443352443352444,
  "mean_inner_iters_reported": 0.9416598416598417,
  "num_blocks_with_round2_plus": 0,
  "objective_composite": 10.77628047288905
}