{
  "all_accept_lengths": [
    1,
    2,
    13,
    4,
    4,
    2,
    2,
    10,
    2,
    10,
    4,
    1,
    1,
    3,
    1,
    6,
    6,
    2,
    3,
    1,
    3,
    5,
    1,
    2,
    4,
    1,
    4,
    2,
    7,
    2,
    16,
    16,
    3,
    1,
    2,
    3,
    1,
    3,
    14,
    9,
    3,
    3,
    8,
    3,
    1,
    9,
    6,
    2,
    4,
    4,
    2,
    3,
    2,
    4,
    1,
    8,
    11,
    9,
    4,
    3,
    1,
    6,
    4,
    2,
    1,
    8,
    7,
    5,
    4,
    2,
    1,
    8,
    16,
    6,
    16,
    15,
    3,
    3,
    1,
    5,
    1,
    10,
    7,
    6,
    1,
    2,
    7,
    6,
    7,
    14,
    1,
    15,
    6,
    3,
    2,
    1,
    3,
    3,
    2,
    1,
    1,
    5,
    7,
    10,
    3,
    3,
    2,
    6,
    6,
    2,
    2,
    3,
    2,
    3,
    2,
    1,
    3,
    3,
    1,
    5,
    3,
    3,
    4,
    1,
    4,
    7,
    5,
    1,
    3,
    3,
    2,
    3,
    9,
    1,
    4,
    1,
    4,
    7,
    4,
    1,
    3,
    2,
    2,
    4,
    9,
    3,
    2,
    1,
    3,
    5,
    9,
    4,
    4,
    3,
    2,
    4,
    3,
    6,
    1,
    4,
    2,
    2,
    2,
    3,
    4,
    2,
    2,
    1,
    2,
    2,
    1,
    4,
    6,
    6,
    3,
    5,
    1,
    3,
    1,
    1,
    2,
    1,
    1,
    2,
    6,
    2,
    1,
    1,
    10,
    5,
    1,
    3,
    3,
    10,
    1,
    1,
    1,
    6,
    3,
    2,
    6,
    14,
    2,
    13,
    13,
    14,
    4,
    1,
    2,
    5,
    3,
    6,
    1,
    4,
    2,
    6,
    9,
    7,
    1,
    8,
    16,
    7,
    5,
    16,
    8,
    1,
    1,
    8,
    2,
    3,
    3,
    1,
    4,
    8,
    1,
    1,
    2,
    3,
    2,
    2,
    1,
    2,
    3,
    3,
    1,
    10,
    4,
    13,
    15,
    16,
    2,
    1,
    14,
    3,
    2,
    5,
    3,
    10,
    4,
    5,
    9,
    1,
    7,
    3,
    2,
    3,
    1,
    1,
    13,
    2,
    9,
    11,
    2,
    6,
    2,
    4,
    1,
    4,
    4,
    4,
    4,
    1,
    5,
    14,
    12,
    6,
    3,
    1,
    6,
    8
  ],
  "mean_accept_length": 4.444827586206896,
  "response_lengths": [
    262,
    511,
    512
  ],
  "mean_response_length": 428.3333333333333,
  "total_response_length": 1285,
  "mean_per_turn_accept_length": 4.503535601845861,
  "mean_throughput": 75.59775757268832,
  "overall_throughput": 75.92618033273507,
  "target_total_time": 10.35016106814146,
  "draft_total_time": 6.574172466993332,
  "total_time": 16.924333535134792,
  "total_steps": 290,
  "mean_second_plus_kt": 2.8257839721254356,
  "mean_kt_round2_only": 1.3797909407665505,
  "mean_trunc_commit_le_accept_rate": 0.02638849355242161,
  "mean_inner_iters_reported": 2.97236641221374,
  "num_blocks_with_round2_plus": 287,
  "objective_composite": 16.78809808268332
}